ID,Sex,Length(mm),Diameter(mm),Height(mm),Whole weight(g),Shucked weight(g),Viscera weight(g),Shell weight(g)
1,I,0.235,0.175,0.04,0.0705,0.0335,0.015,0.02
2,M,0.645,0.495,0.15,1.2095,0.603,0.2225,0.339
3,F,0.725,0.56,0.185,1.792,0.873,0.367,0.435
4,F,0.45,0.335,0.105,0.425,0.1865,0.091,0.115
5,I,0.44,0.325,0.1,0.4165,0.185,0.0865,0.11
6,M,0.56,0.425,0.135,0.9415,0.509,0.2015,0.1975
7,M,0.56,0.44,0.16,0.8645,0.3305,0.2075,0.26
8,I,0.285,0.21,0.07,0.109,0.044,0.0265,0.033
9,M,0.58,0.45,0.14,1.013,0.38,0.216,0.36
10,F,0.56,0.44,0.155,0.9705,0.4315,0.263,0.255
11,M,0.63,0.515,0.16,1.016,0.4215,0.244,0.355
12,F,0.595,0.47,0.25,1.283,0.462,0.2475,0.445
13,F,0.64,0.505,0.175,1.3185,0.6185,0.302,0.3315
14,M,0.68,0.54,0.19,1.623,0.7165,0.354,0.4715
15,I,0.395,0.3,0.09,0.253,0.1155,0.05,0.075
16,I,0.27,0.205,0.075,0.118,0.059,0.031,0.0305
17,I,0.445,0.345,0.13,0.4075,0.1365,0.0645,0.18
18,I,0.58,0.46,0.14,0.8295,0.3915,0.165,0.238
19,I,0.36,0.27,0.085,0.196,0.0905,0.034,0.053
20,M,0.675,0.54,0.175,1.5545,0.6645,0.278,0.512
21,I,0.465,0.345,0.11,0.4415,0.1755,0.0905,0.12
22,I,0.58,0.42,0.16,0.728,0.2725,0.19,0.19
23,F,0.47,0.375,0.125,0.5615,0.252,0.137,0.18
24,F,0.705,0.56,0.17,1.4575,0.607,0.318,0.44
25,I,0.45,0.35,0.12,0.468,0.2005,0.1065,0.1325
26,F,0.595,0.43,0.21,1.5245,0.653,0.396,0.41
27,F,0.63,0.485,0.185,1.167,0.548,0.2485,0.34
28,M,0.505,0.4,0.15,0.775,0.3445,0.157,0.185
29,F,0.64,0.5,0.165,1.1635,0.554,0.239,0.32
30,I,0.33,0.25,0.075,0.1405,0.056,0.035,0.05
31,F,0.75,0.565,0.215,1.938,0.7735,0.4825,0.575
32,M,0.61,0.48,0.17,1.137,0.4565,0.29,0.347
33,F,0.725,0.575,0.175,2.124,0.765,0.4515,0.85
34,F,0.715,0.565,0.24,2.1995,0.7245,0.465,0.885
35,I,0.43,0.315,0.095,0.378,0.175,0.08,0.1045
36,I,0.51,0.39,0.125,0.597,0.293,0.1265,0.1555
37,F,0.645,0.48,0.17,1.1345,0.528,0.254,0.305
38,M,0.63,0.48,0.145,1.0115,0.4235,0.237,0.305
39,F,0.595,0.47,0.165,1.0155,0.491,0.1905,0.289
40,F,0.52,0.41,0.125,0.6985,0.2945,0.1625,0.215
41,I,0.505,0.4,0.125,0.5605,0.2255,0.1435,0.17
42,F,0.665,0.515,0.185,1.3405,0.5595,0.293,0.4375
43,I,0.555,0.43,0.155,0.7395,0.3135,0.1435,0.28
44,M,0.675,0.555,0.2,1.4385,0.545,0.2665,0.465
45,M,0.605,0.49,0.145,1.3,0.517,0.3285,0.31
46,F,0.545,0.425,0.125,0.768,0.294,0.1495,0.26
47,I,0.545,0.405,0.13,0.658,0.327,0.1445,0.174
48,F,0.43,0.35,0.09,0.397,0.1575,0.089,0.12
49,M,0.71,0.555,0.175,2.14,1.2455,0.3725,0.434
50,F,0.585,0.45,0.15,0.938,0.467,0.203,0.225
51,M,0.6,0.465,0.155,1.262,0.6245,0.2455,0.33
52,M,0.645,0.515,0.175,1.6115,0.6745,0.384,0.385
53,I,0.43,0.34,0,0.428,0.2065,0.086,0.115
54,I,0.6,0.445,0.135,0.9205,0.445,0.2035,0.253
55,F,0.49,0.375,0.135,0.6125,0.2555,0.102,0.22
56,I,0.28,0.21,0.055,0.106,0.0415,0.0265,0.031
57,I,0.51,0.38,0.115,0.5155,0.215,0.1135,0.166
58,I,0.325,0.2,0.08,0.0995,0.0395,0.0225,0.032
59,I,0.385,0.29,0.09,0.2365,0.1,0.0505,0.076
60,I,0.385,0.285,0.085,0.244,0.1215,0.0445,0.068
61,M,0.49,0.39,0.14,0.707,0.2795,0.2185,0.18
62,M,0.63,0.505,0.15,1.3165,0.6325,0.2465,0.37
63,M,0.5,0.39,0.13,0.709,0.275,0.168,0.18
64,F,0.62,0.485,0.175,1.2155,0.545,0.253,0.345
65,M,0.665,0.535,0.195,1.606,0.5755,0.388,0.48
66,I,0.53,0.395,0.13,0.575,0.247,0.115,0.183
67,M,0.585,0.465,0.15,0.98,0.4315,0.2545,0.247
68,I,0.415,0.315,0.1,0.3645,0.1765,0.0795,0.095
69,F,0.66,0.525,0.19,1.67,0.6525,0.4875,0.49
70,F,0.575,0.45,0.1,0.9315,0.431,0.222,0.235
71,F,0.525,0.41,0.135,0.7085,0.293,0.1525,0.235
72,I,0.4,0.265,0.1,0.2775,0.1245,0.0605,0.08
73,M,0.635,0.525,0.16,1.195,0.5435,0.246,0.335
74,M,0.565,0.47,0.195,1.142,0.387,0.258,0.35
75,M,0.55,0.44,0.155,0.9155,0.3645,0.195,0.25
76,I,0.305,0.23,0.075,0.1455,0.0595,0.0305,0.05
77,I,0.335,0.26,0.1,0.192,0.0785,0.0585,0.07
78,I,0.435,0.345,0.12,0.4475,0.221,0.112,0.125
79,M,0.64,0.575,0.175,1.4585,0.625,0.266,0.4395
80,M,0.58,0.45,0.175,1.068,0.425,0.203,0.32
81,M,0.44,0.35,0.11,0.4585,0.2,0.0885,0.13
82,F,0.62,0.475,0.15,0.9545,0.455,0.1865,0.277
83,F,0.455,0.37,0.105,0.4925,0.216,0.1245,0.135
84,I,0.395,0.32,0.1,0.3075,0.149,0.0535,0.09
85,I,0.475,0.375,0.11,0.494,0.211,0.109,0.1545
86,I,0.395,0.325,0.105,0.306,0.111,0.0735,0.095
87,M,0.6,0.48,0.09,1.05,0.457,0.2685,0.28
88,F,0.55,0.415,0.135,0.8145,0.427,0.1855,0.175
89,M,0.595,0.47,0.15,0.8915,0.359,0.2105,0.245
90,F,0.645,0.49,0.215,1.406,0.4265,0.2285,0.51
91,I,0.425,0.3,0.095,0.3515,0.141,0.0775,0.12
92,I,0.455,0.335,0.135,0.501,0.274,0.0995,0.1065
93,I,0.53,0.43,0.16,0.7245,0.321,0.1275,0.24
94,I,0.235,0.175,0.055,0.067,0.027,0.0125,0.018
95,F,0.62,0.48,0.165,1.0125,0.5325,0.4365,0.324
96,F,0.425,0.33,0.115,0.406,0.1635,0.081,0.1355
97,M,0.51,0.405,0.125,0.6925,0.327,0.155,0.1805
98,F,0.575,0.46,0.165,1.065,0.4985,0.2145,0.2815
99,I,0.44,0.365,0.11,0.4465,0.213,0.089,0.1135
100,I,0.4,0.3,0.11,0.2985,0.1375,0.071,0.075
101,I,0.5,0.38,0.11,0.5605,0.28,0.106,0.15
102,F,0.68,0.515,0.175,1.6185,0.5125,0.409,0.62
103,I,0.455,0.37,0.125,0.433,0.201,0.1265,0.145
104,M,0.45,0.335,0.125,0.4475,0.2165,0.126,0.11
105,I,0.285,0.21,0.055,0.101,0.0415,0.017,0.0335
106,M,0.54,0.435,0.18,0.996,0.3835,0.226,0.325
107,I,0.465,0.37,0.115,0.534,0.261,0.098,0.143
108,F,0.73,0.555,0.18,1.6895,0.6555,0.1965,0.4935
109,I,0.4,0.3,0.115,0.318,0.1335,0.0725,0.0935
110,F,0.6,0.475,0.18,1.1805,0.4345,0.2475,0.425
111,I,0.39,0.31,0.1,0.302,0.116,0.064,0.115
112,M,0.395,0.28,0.08,0.266,0.0995,0.066,0.09
113,I,0.36,0.27,0.09,0.219,0.097,0.0405,0.065
114,I,0.39,0.315,0.09,0.3095,0.147,0.05,0.09
115,M,0.49,0.355,0.155,0.981,0.465,0.2015,0.2505
116,M,0.385,0.285,0.105,0.2905,0.1215,0.0685,0.0875
117,I,0.365,0.275,0.085,0.223,0.098,0.0375,0.075
118,M,0.625,0.495,0.155,1.025,0.46,0.1945,0.34
119,I,0.28,0.215,0.08,0.132,0.072,0.022,0.033
120,I,0.565,0.435,0.155,0.782,0.2715,0.168,0.285
121,F,0.55,0.44,0.15,0.8945,0.3145,0.151,0.32
122,M,0.685,0.53,0.17,1.56,0.647,0.383,0.465
123,F,0.66,0.53,0.18,1.5175,0.7765,0.302,0.401
124,M,0.6,0.495,0.165,1.2415,0.485,0.2775,0.34
125,I,0.63,0.505,0.18,1.272,0.6025,0.295,0.315
126,F,0.6,0.475,0.15,1.0075,0.4425,0.221,0.28
127,I,0.475,0.365,0.105,0.4175,0.1645,0.099,0.127
128,I,0.31,0.235,0.075,0.1515,0.056,0.0315,0.05
129,F,0.715,0.525,0.185,1.56,0.6655,0.383,0.405
130,M,0.53,0.435,0.135,0.7365,0.3275,0.1315,0.22
131,I,0.295,0.22,0.07,0.1365,0.0575,0.0295,0.035
132,M,0.49,0.465,0.125,0.5225,0.235,0.13,0.141
133,M,0.36,0.27,0.1,0.217,0.0885,0.0495,0.0715
134,F,0.425,0.325,0.135,0.382,0.1465,0.079,0.14
135,I,0.49,0.365,0.125,0.5585,0.252,0.126,0.1615
136,F,0.53,0.395,0.145,0.775,0.308,0.169,0.255
137,M,0.66,0.51,0.18,1.261,0.5,0.2335,0.339
138,I,0.5,0.395,0.14,0.6215,0.2925,0.1205,0.195
139,I,0.375,0.29,0.1,0.219,0.0925,0.038,0.075
140,I,0.545,0.4,0.13,0.686,0.3285,0.1455,0.18
141,F,0.595,0.45,0.165,1.081,0.49,0.2525,0.279
142,F,0.5,0.39,0.13,0.6355,0.2505,0.1635,0.195
143,M,0.5,0.42,0.125,0.62,0.255,0.15,0.205
144,M,0.595,0.48,0.185,1.1785,0.526,0.2975,0.314
145,M,0.515,0.37,0.115,0.6145,0.3415,0.155,0.146
146,M,0.69,0.54,0.185,1.6195,0.533,0.353,0.555
147,F,0.505,0.385,0.135,0.6185,0.251,0.1175,0.2
148,M,0.615,0.5,0.17,1.054,0.4845,0.228,0.295
149,I,0.495,0.38,0.145,0.5,0.205,0.148,0.1505
150,I,0.3,0.215,0.05,0.1185,0.048,0.0225,0.042
151,F,0.375,0.27,0.135,0.597,0.272,0.131,0.1675
152,F,0.585,0.45,0.17,0.8685,0.3325,0.1635,0.27
153,M,0.645,0.51,0.155,1.539,0.6405,0.3585,0.43
154,F,0.655,0.505,0.165,1.367,0.5835,0.3515,0.396
155,I,0.435,0.33,0.11,0.413,0.2055,0.096,0.096
156,I,0.475,0.355,0.135,0.4775,0.2145,0.09,0.1435
157,F,0.505,0.375,0.18,0.568,0.2325,0.1495,0.17
158,F,0.44,0.345,0.105,0.4285,0.165,0.083,0.132
159,M,0.58,0.46,0.16,1.063,0.513,0.2705,0.2625
160,I,0.41,0.305,0.095,0.2625,0.1,0.0515,0.09
161,I,0.28,0.21,0.085,0.1065,0.039,0.0295,0.03
162,F,0.62,0.47,0.2,1.2255,0.381,0.27,0.435
163,I,0.475,0.385,0.11,0.5735,0.311,0.1025,0.136
164,M,0.59,0.47,0.15,0.861,0.413,0.164,0.249
165,F,0.595,0.475,0.17,1.247,0.48,0.225,0.425
166,M,0.535,0.435,0.15,0.717,0.3475,0.1445,0.194
167,M,0.605,0.475,0.14,1.1175,0.555,0.257,0.274
168,M,0.75,0.555,0.215,2.201,1.0615,0.5235,0.5285
169,I,0.505,0.385,0.12,0.6005,0.239,0.142,0.185
170,I,0.48,0.37,0.125,0.5435,0.244,0.101,0.165
171,M,0.735,0.57,0.21,2.2355,1.1705,0.463,0.5315
172,F,0.525,0.405,0.115,0.72,0.3105,0.1915,0.2
173,I,0.445,0.33,0.1,0.437,0.163,0.0755,0.17
174,M,0.655,0.505,0.165,1.27,0.6035,0.262,0.335
175,M,0.61,0.48,0.15,1.2,0.56,0.2455,0.28
176,F,0.505,0.39,0.12,0.5725,0.2555,0.1325,0.146
177,M,0.59,0.475,0.16,0.9455,0.3815,0.184,0.27
178,I,0.57,0.43,0.145,0.833,0.354,0.144,0.2815
179,I,0.405,0.3,0.09,0.269,0.103,0.067,0.11
180,I,0.55,0.425,0.135,0.656,0.257,0.17,0.203
181,F,0.64,0.5,0.18,1.4995,0.593,0.314,0.431
182,I,0.415,0.31,0.11,0.2965,0.123,0.057,0.0995
183,F,0.49,0.38,0.155,0.578,0.2395,0.1255,0.18
184,M,0.31,0.245,0.095,0.15,0.0525,0.034,0.048
185,M,0.175,0.135,0.04,0.0305,0.011,0.0075,0.01
186,F,0.57,0.47,0.14,0.871,0.385,0.211,0.2315
187,F,0.685,0.525,0.175,1.71,0.5415,0.309,0.58
188,M,0.585,0.46,0.165,1.1135,0.5825,0.2345,0.274
189,M,0.665,0.515,0.19,1.6385,0.831,0.3575,0.371
190,F,0.505,0.41,0.15,0.644,0.285,0.145,0.21
191,F,0.64,0.52,0.175,1.248,0.4245,0.2595,0.48
192,M,0.67,0.52,0.165,1.39,0.711,0.2865,0.3
193,M,0.76,0.605,0.215,2.173,0.801,0.4915,0.646
194,M,0.59,0.465,0.135,0.9895,0.4235,0.199,0.28
195,I,0.485,0.375,0.11,0.464,0.2015,0.09,0.149
196,F,0.46,0.33,0.15,0.5325,0.2085,0.1805,0.125
197,I,0.5,0.375,0.12,0.529,0.2235,0.123,0.16
198,F,0.61,0.485,0.165,1.087,0.4255,0.232,0.38
199,M,0.485,0.39,0.085,0.6435,0.2945,0.103,0.198
200,M,0.64,0.5,0.17,1.4545,0.642,0.3575,0.354
201,F,0.57,0.45,0.135,0.7805,0.3345,0.185,0.21
202,I,0.36,0.28,0.08,0.1755,0.081,0.0505,0.07
203,I,0.405,0.31,0.11,0.91,0.416,0.2075,0.0995
204,F,0.475,0.39,0.12,0.5305,0.2135,0.1155,0.17
205,F,0.51,0.395,0.12,0.6175,0.262,0.122,0.193
206,F,0.585,0.465,0.145,0.9855,0.4325,0.2145,0.2845
207,F,0.545,0.405,0.175,0.98,0.2585,0.207,0.38
208,I,0.375,0.275,0.095,0.2295,0.095,0.0545,0.066
209,F,0.6,0.47,0.2,1.031,0.392,0.2035,0.29
210,M,0.66,0.515,0.165,1.4465,0.694,0.298,0.3755
211,F,0.7,0.56,0.175,1.6605,0.8605,0.3275,0.398
212,M,0.49,0.38,0.14,0.7605,0.245,0.167,0.185
213,F,0.595,0.46,0.16,0.921,0.4005,0.2025,0.2875
214,I,0.47,0.38,0.125,0.4845,0.211,0.1075,0.142
215,M,0.425,0.34,0.12,0.388,0.149,0.087,0.125
216,I,0.37,0.28,0.09,0.233,0.0905,0.0545,0.07
217,F,0.585,0.455,0.13,0.8755,0.411,0.2065,0.225
218,M,0.49,0.395,0.12,0.674,0.3325,0.1235,0.185
219,F,0.49,0.36,0.11,0.5005,0.161,0.107,0.195
220,I,0.425,0.31,0.095,0.3075,0.139,0.0745,0.093
221,M,0.65,0.495,0.16,1.304,0.57,0.312,0.3725
222,I,0.64,0.49,0.135,1.1,0.488,0.2505,0.2925
223,M,0.57,0.47,0.155,1.186,0.6355,0.2315,0.277
224,I,0.47,0.345,0.12,0.3685,0.1525,0.0615,0.125
225,I,0.44,0.33,0.135,0.4095,0.163,0.1005,0.119
226,M,0.64,0.515,0.165,1.369,0.632,0.3415,0.358
227,F,0.655,0.515,0.18,1.412,0.6195,0.2485,0.497
228,M,0.37,0.28,0.105,0.234,0.0905,0.0585,0.075
229,M,0.645,0.53,0.195,1.39,0.6465,0.2945,0.3735
230,M,0.59,0.45,0.185,1.283,0.473,0.276,0.425
231,F,0.69,0.54,0.155,1.454,0.624,0.3105,0.39
232,M,0.505,0.41,0.125,0.642,0.289,0.133,0.155
233,M,0.275,0.205,0.07,0.094,0.0335,0.02,0.0325
234,I,0.34,0.265,0.08,0.2015,0.09,0.0475,0.055
235,F,0.575,0.42,0.19,1.764,0.914,0.377,0.4095
236,M,0.65,0.5,0.14,1.238,0.6165,0.2355,0.32
237,I,0.44,0.33,0.11,0.38,0.197,0.079,0.09
238,M,0.63,0.47,0.155,1.1325,0.589,0.211,0.287
239,I,0.56,0.44,0.17,0.9445,0.3545,0.2175,0.3
240,M,0.61,0.475,0.155,0.983,0.4565,0.228,0.266
241,M,0.34,0.275,0.09,0.2065,0.0725,0.043,0.07
242,M,0.73,0.595,0.23,2.8255,1.1465,0.419,0.897
243,I,0.335,0.255,0.085,0.1785,0.071,0.0405,0.055
244,I,0.45,0.365,0.125,0.462,0.2135,0.0985,0.1315
245,I,0.595,0.475,0.155,0.984,0.4865,0.184,0.2755
246,F,0.7,0.54,0.215,1.978,0.6675,0.3125,0.71
247,F,0.59,0.455,0.155,1.066,0.382,0.2275,0.415
248,M,0.63,0.48,0.165,1.286,0.604,0.271,0.35
249,F,0.605,0.47,0.165,1.1775,0.611,0.2275,0.292
250,F,0.59,0.465,0.15,1.151,0.613,0.239,0.2515
251,F,0.63,0.475,0.15,1.072,0.433,0.2975,0.315
252,F,0.37,0.295,0.1,0.2685,0.1165,0.056,0.0835
253,I,0.32,0.225,0.085,0.1415,0.0675,0.0295,0.0405
254,I,0.465,0.34,0.11,0.346,0.1425,0.073,0.113
255,M,0.35,0.265,0.09,0.2255,0.0995,0.0485,0.07
256,I,0.5,0.36,0.12,0.439,0.1875,0.1055,0.1305
257,M,0.68,0.52,0.195,1.4535,0.592,0.391,0.4125
258,I,0.49,0.39,0.12,0.511,0.2205,0.103,0.1745
259,I,0.165,0.12,0.03,0.0215,0.007,0.005,0.005
260,F,0.67,0.505,0.175,1.0145,0.4375,0.271,0.3745
261,F,0.52,0.405,0.14,0.8175,0.2795,0.183,0.26
262,I,0.545,0.43,0.14,0.687,0.2615,0.1405,0.25
263,F,0.575,0.475,0.16,0.895,0.3605,0.221,0.271
264,F,0.58,0.445,0.135,0.95,0.484,0.182,0.2325
265,M,0.62,0.47,0.145,1.0865,0.511,0.2715,0.2565
266,M,0.615,0.48,0.185,1.2205,0.4985,0.315,0.33
267,I,0.48,0.38,0.125,0.6245,0.3395,0.1085,0.1665
268,F,0.67,0.54,0.195,1.619,0.74,0.3305,0.465
269,F,0.7,0.575,0.2,1.7365,0.7755,0.3965,0.461
270,I,0.5,0.385,0.155,0.762,0.3795,0.161,0.19
271,F,0.705,0.55,0.2,1.7095,0.633,0.4115,0.49
272,M,0.685,0.52,0.15,1.343,0.4635,0.292,0.4
273,M,0.515,0.39,0.12,0.6125,0.302,0.1365,0.1415
274,F,0.625,0.485,0.15,1.0945,0.531,0.261,0.296
275,M,0.72,0.55,0.205,2.165,1.1055,0.525,0.404
276,I,0.52,0.41,0.12,0.595,0.2385,0.111,0.19
277,F,0.61,0.495,0.175,1.2635,0.53,0.315,0.3455
278,M,0.595,0.475,0.14,0.944,0.3625,0.189,0.315
279,M,0.695,0.515,0.175,1.5165,0.578,0.4105,0.39
280,F,0.525,0.42,0.16,0.756,0.2745,0.173,0.275
281,I,0.39,0.31,0.085,0.344,0.181,0.0695,0.079
282,I,0.475,0.365,0.12,0.53,0.2505,0.0975,0.1625
283,M,0.62,0.495,0.175,1.806,0.643,0.3285,0.725
284,I,0.36,0.265,0.09,0.2055,0.096,0.037,0.0585
285,M,0.595,0.475,0.165,1.213,0.621,0.2435,0.274
286,F,0.655,0.52,0.175,1.472,0.6275,0.27,0.45
287,I,0.54,0.43,0.14,0.8195,0.3935,0.1725,0.2295
288,I,0.55,0.425,0.155,0.8725,0.412,0.187,0.2425
289,F,0.505,0.39,0.175,0.692,0.267,0.15,0.215
290,M,0.735,0.555,0.22,2.333,1.2395,0.3645,0.6195
291,M,0.5,0.4,0.13,0.7715,0.37,0.16,0.211
292,M,0.505,0.385,0.15,0.6415,0.246,0.152,0.215
293,F,0.61,0.495,0.185,1.153,0.536,0.2905,0.245
294,F,0.47,0.36,0.145,0.537,0.1725,0.1375,0.195
295,I,0.515,0.415,0.135,0.7125,0.285,0.152,0.245
296,I,0.47,0.35,0.135,0.567,0.2315,0.1465,0.1525
297,M,0.515,0.39,0.14,0.678,0.341,0.1325,0.119
298,I,0.575,0.45,0.135,0.8245,0.3375,0.2115,0.239
299,F,0.64,0.525,0.175,1.382,0.646,0.3115,0.37
300,I,0.525,0.415,0.12,0.596,0.2805,0.12,0.1695
301,I,0.435,0.335,0.11,0.334,0.1355,0.0775,0.0965
302,I,0.53,0.4,0.125,0.617,0.279,0.127,0.19
303,M,0.45,0.325,0.115,0.4305,0.2235,0.0785,0.1155
304,I,0.625,0.485,0.15,1.044,0.438,0.2865,0.278
305,F,0.625,0.525,0.195,1.352,0.4505,0.2445,0.53
306,I,0.445,0.355,0.095,0.3615,0.1415,0.0785,0.12
307,F,0.61,0.47,0.145,1.153,0.403,0.296,0.32
308,M,0.68,0.515,0.16,1.2345,0.618,0.2625,0.325
309,F,0.56,0.45,0.16,1.0235,0.429,0.268,0.3
310,M,0.53,0.415,0.14,0.724,0.3105,0.1675,0.205
311,F,0.625,0.485,0.135,1.3025,0.61,0.2675,0.3605
312,M,0.695,0.55,0.215,1.9565,0.7125,0.541,0.59
313,F,0.655,0.54,0.175,1.5585,0.7285,0.402,0.385
314,F,0.65,0.545,0.185,1.5055,0.6565,0.341,0.43
315,I,0.5,0.38,0.125,0.519,0.2485,0.1135,0.134
316,F,0.595,0.435,0.15,0.9,0.4175,0.17,0.265
317,F,0.615,0.495,0.155,1.0805,0.52,0.19,0.32
318,M,0.665,0.52,0.175,1.3725,0.606,0.32,0.395
319,M,0.46,0.365,0.125,0.467,0.1895,0.0945,0.158
320,F,0.575,0.445,0.135,0.883,0.381,0.2035,0.26
321,F,0.685,0.54,0.215,1.7025,0.664,0.3655,0.4735
322,F,0.55,0.465,0.15,1.082,0.3575,0.194,0.19
323,F,0.615,0.5,0.205,1.1055,0.4445,0.227,0.39
324,F,0.675,0.55,0.175,1.689,0.694,0.371,0.474
325,F,0.61,0.46,0.145,1.1185,0.478,0.2945,0.2985
326,F,0.74,0.565,0.205,2.119,0.9655,0.5185,0.482
327,M,0.375,0.305,0.09,0.3245,0.1395,0.0565,0.095
328,F,0.49,0.39,0.135,0.59,0.215,0.125,0.1845
329,F,0.595,0.475,0.16,1.1405,0.547,0.231,0.271
330,I,0.315,0.23,0.07,0.1145,0.046,0.0235,0.0385
331,F,0.585,0.46,0.15,1.0035,0.503,0.2105,0.2515
332,M,0.61,0.475,0.165,1.116,0.428,0.2205,0.315
333,I,0.46,0.365,0.11,0.4495,0.1755,0.102,0.15
334,F,0.55,0.45,0.15,0.875,0.362,0.1755,0.2765
335,M,0.59,0.455,0.16,1.09,0.5,0.2215,0.292
336,M,0.475,0.37,0.125,0.649,0.347,0.136,0.142
337,M,0.48,0.365,0.12,0.6015,0.312,0.117,0.14
338,I,0.52,0.395,0.145,0.77,0.424,0.142,0.1895
339,M,0.57,0.44,0.155,1.116,0.4775,0.2315,0.27
340,I,0.48,0.35,0.1,0.519,0.2365,0.1275,0.126
341,I,0.465,0.37,0.1,0.5055,0.234,0.11,0.14
342,M,0.545,0.43,0.155,0.8035,0.409,0.144,0.228
343,M,0.565,0.39,0.125,0.744,0.352,0.13,0.1685
344,I,0.385,0.3,0.1,0.2895,0.1215,0.063,0.09
345,F,0.465,0.36,0.12,0.4765,0.192,0.1125,0.16
346,F,0.715,0.585,0.23,2.0725,0.8655,0.4095,0.565
347,M,0.275,0.2,0.08,0.099,0.037,0.024,0.03
348,F,0.705,0.535,0.18,1.685,0.693,0.42,0.4045
349,F,0.68,0.505,0.17,1.3435,0.657,0.297,0.355
350,F,0.525,0.43,0.135,0.8435,0.4325,0.18,0.1815
351,M,0.65,0.495,0.18,1.793,0.8005,0.339,0.53
352,M,0.37,0.28,0.1,0.252,0.1065,0.0595,0.074
353,I,0.35,0.265,0.085,0.1735,0.0775,0.034,0.056
354,I,0.36,0.265,0.095,0.2315,0.105,0.046,0.075
355,I,0.4,0.31,0.1,0.127,0.106,0.071,0.085
356,I,0.32,0.24,0.085,0.131,0.0615,0.0265,0.038
357,M,0.575,0.45,0.13,0.785,0.318,0.193,0.2265
358,I,0.48,0.355,0.125,0.494,0.2385,0.0835,0.15
359,I,0.535,0.4,0.13,0.657,0.2835,0.162,0.175
360,I,0.525,0.39,0.105,0.567,0.2875,0.1075,0.16
361,I,0.25,0.185,0.065,0.071,0.027,0.0185,0.0225
362,I,0.45,0.35,0.135,0.494,0.2205,0.0945,0.1405
363,I,0.57,0.445,0.155,0.867,0.3705,0.1705,0.28
364,I,0.41,0.3,0.09,0.28,0.141,0.0575,0.075
365,M,0.555,0.425,0.15,0.873,0.4625,0.1845,0.1965
366,F,0.585,0.465,0.17,0.9915,0.3865,0.224,0.265
367,I,0.275,0.205,0.065,0.101,0.041,0.021,0.034
368,I,0.2,0.145,0.025,0.0345,0.011,0.0075,0.01
369,M,0.61,0.47,0.16,1.022,0.449,0.2345,0.2945
370,F,0.6,0.48,0.15,1.029,0.4085,0.2705,0.295
371,F,0.525,0.44,0.125,0.7115,0.3205,0.159,0.1915
372,F,0.715,0.565,0.18,1.79,0.844,0.3535,0.5385
373,I,0.395,0.29,0.095,0.304,0.127,0.084,0.077
374,M,0.7,0.575,0.19,2.273,1.095,0.418,0.638
375,I,0.335,0.25,0.08,0.183,0.0735,0.04,0.0575
376,I,0.275,0.205,0.07,0.1055,0.495,0.019,0.0315
377,M,0.58,0.44,0.175,1.2255,0.5405,0.2705,0.3265
378,M,0.44,0.34,0.105,0.402,0.1305,0.0955,0.165
379,I,0.295,0.215,0.07,0.121,0.047,0.0155,0.0405
380,I,0.475,0.36,0.11,0.492,0.211,0.11,0.15
381,M,0.625,0.49,0.175,1.3325,0.5705,0.271,0.405
382,I,0.33,0.23,0.08,0.14,0.0565,0.0365,0.046
383,I,0.4,0.29,0.1,0.258,0.104,0.059,0.0815
384,M,0.505,0.44,0.14,0.8275,0.3415,0.1855,0.239
385,I,0.37,0.275,0.14,0.2215,0.097,0.0455,0.0615
386,F,0.435,0.35,0.125,0.459,0.197,0.1145,0.145
387,F,0.545,0.415,0.15,0.7335,0.2795,0.163,0.2185
388,M,0.56,0.455,0.165,0.86,0.4015,0.1695,0.245
389,I,0.455,0.435,0.11,0.4265,0.195,0.09,0.1205
390,M,0.625,0.49,0.185,1.169,0.5275,0.2535,0.344
391,I,0.54,0.425,0.14,0.742,0.32,0.1395,0.25
392,I,0.58,0.49,0.195,1.3165,0.5305,0.254,0.41
393,I,0.23,0.18,0.05,0.064,0.0215,0.0135,0.02
394,M,0.355,0.26,0.085,0.1905,0.081,0.0485,0.055
395,I,0.29,0.21,0.065,0.097,0.0375,0.022,0.03
396,M,0.575,0.44,0.145,0.87,0.3945,0.2195,0.225
397,I,0.35,0.26,0.095,0.221,0.0985,0.043,0.07
398,I,0.475,0.365,0.14,0.4545,0.171,0.118,0.158
399,M,0.635,0.485,0.18,1.1795,0.4785,0.2775,0.355
400,M,0.73,0.585,0.225,2.2305,1.2395,0.422,0.563
401,I,0.435,0.335,0.11,0.383,0.1555,0.0675,0.135
402,I,0.475,0.355,0.105,0.468,0.201,0.1115,0.12
403,M,0.725,0.505,0.185,1.978,1.026,0.4255,0.4505
404,F,0.455,0.365,0.11,0.385,0.166,0.046,0.1345
405,I,0.375,0.28,0.08,0.2345,0.1125,0.0455,0.067
406,M,0.645,0.485,0.155,1.489,0.5915,0.312,0.38
407,I,0.305,0.245,0.075,0.156,0.0675,0.038,0.045
408,I,0.295,0.22,0.07,0.126,0.0515,0.0275,0.035
409,F,0.72,0.59,0.205,1.7495,0.7755,0.4225,0.48
410,I,0.51,0.4,0.125,0.5935,0.239,0.13,0.204
411,M,0.45,0.355,0.12,0.3955,0.147,0.0765,0.145
412,M,0.58,0.43,0.125,0.9115,0.446,0.2075,0.121
413,I,0.355,0.27,0.075,0.1775,0.079,0.0315,0.054
414,I,0.47,0.365,0.1,0.411,0.175,0.0855,0.135
415,I,0.245,0.205,0.06,0.0765,0.034,0.014,0.0215
416,M,0.28,0.21,0.065,0.0905,0.035,0.02,0.03
417,F,0.52,0.41,0.17,0.8705,0.3735,0.219,0.25
418,F,0.455,0.365,0.115,0.4305,0.184,0.108,0.1245
419,I,0.525,0.4,0.145,0.6095,0.248,0.159,0.175
420,I,0.385,0.3,0.09,0.247,0.1225,0.044,0.0675
421,F,0.705,0.555,0.2,1.4685,0.4715,0.3235,0.52
422,F,0.53,0.41,0.145,0.8255,0.375,0.204,0.245
423,I,0.375,0.28,0.085,0.3155,0.187,0.046,0.067
424,I,0.32,0.24,0.07,0.133,0.0585,0.0255,0.041
425,F,0.605,0.485,0.165,1.0735,0.437,0.205,0.33
426,M,0.595,0.47,0.165,1.108,0.4915,0.2325,0.3345
427,F,0.72,0.575,0.18,1.6705,0.732,0.3605,0.501
428,M,0.625,0.495,0.175,1.2075,0.531,0.281,0.3525
429,I,0.61,0.46,0.17,1.278,0.41,0.257,0.37
430,I,0.295,0.23,0.08,0.1625,0.065,0.05,0.0385
431,F,0.51,0.38,0.13,0.584,0.224,0.1355,0.185
432,I,0.62,0.485,0.18,1.1785,0.4675,0.2655,0.39
433,F,0.6,0.5,0.155,1.332,0.6235,0.2835,0.35
434,I,0.565,0.42,0.155,0.743,0.31,0.186,0.231
435,I,0.265,0.2,0.065,0.0975,0.04,0.0205,0.028
436,I,0.415,0.32,0.11,0.3735,0.175,0.0755,0.109
437,M,0.6,0.48,0.165,0.9165,0.4135,0.1965,0.2725
438,I,0.36,0.27,0.085,0.196,0.0875,0.035,0.064
439,F,0.45,0.365,0.115,0.5885,0.318,0.121,0.1325
440,F,0.655,0.49,0.16,1.204,0.5455,0.2615,0.3225
441,M,0.62,0.48,0.15,1.266,0.6285,0.2575,0.309
442,F,0.595,0.465,0.145,0.7955,0.3425,0.1795,0.2425
443,I,0.18,0.135,0.08,0.033,0.0145,0.007,0.01
444,F,0.63,0.475,0.175,1.423,0.4155,0.3385,0.49
445,M,0.455,0.355,0.135,0.4745,0.1865,0.0935,0.168
446,M,0.63,0.485,0.145,1.062,0.5065,0.1785,0.3365
447,M,0.62,0.485,0.205,1.219,0.3875,0.2505,0.385
448,M,0.58,0.47,0.165,0.9975,0.3935,0.242,0.33
449,I,0.45,0.34,0.12,0.4925,0.241,0.1075,0.12
450,M,0.69,0.53,0.19,1.5955,0.678,0.331,0.48
451,F,0.665,0.52,0.165,1.6885,0.7295,0.407,0.4265
452,M,0.685,0.55,0.2,1.7725,0.813,0.387,0.49
453,M,0.72,0.565,0.2,2.1055,1.017,0.363,0.494
454,F,0.61,0.49,0.17,1.3475,0.7045,0.25,0.3045
455,M,0.385,0.255,0.1,0.3175,0.137,0.068,0.092
456,M,0.695,0.53,0.15,1.477,0.6375,0.3025,0.43
457,I,0.485,0.365,0.09,0.651,0.3165,0.132,0.18
458,F,0.665,0.54,0.195,1.764,0.8505,0.3615,0.47
459,F,0.54,0.42,0.14,0.805,0.369,0.1725,0.21
460,I,0.57,0.45,0.145,0.751,0.2825,0.2195,0.2215
461,M,0.46,0.36,0.135,0.6105,0.1955,0.107,0.235
462,M,0.5,0.375,0.13,0.721,0.3055,0.1725,0.22
463,M,0.59,0.46,0.155,0.906,0.327,0.1485,0.335
464,I,0.575,0.45,0.145,0.872,0.4675,0.18,0.217
465,M,0.645,0.485,0.215,1.514,0.546,0.2615,0.635
466,F,0.525,0.43,0.125,0.813,0.3315,0.166,0.1775
467,I,0.505,0.405,0.13,0.6015,0.3015,0.11,0.18
468,M,0.335,0.265,0.105,0.222,0.0935,0.056,0.075
469,I,0.335,0.25,0.095,0.185,0.0795,0.0495,0.055
470,I,0.61,0.465,0.125,0.9225,0.436,0.19,0.26
471,I,0.165,0.115,0.015,0.0145,0.0055,0.003,0.005
472,F,0.575,0.435,0.155,0.8975,0.4115,0.2325,0.23
473,F,0.605,0.485,0.165,1.0105,0.435,0.209,0.3
474,F,0.465,0.38,0.135,0.579,0.208,0.1095,0.22
475,F,0.33,0.26,0.08,0.2,0.0625,0.05,0.07
476,F,0.69,0.525,0.19,1.492,0.6425,0.3905,0.42
477,M,0.63,0.48,0.185,1.21,0.53,0.2555,0.322
478,M,0.72,0.565,0.2,1.787,0.718,0.385,0.529
479,I,0.24,0.185,0.07,0.0715,0.026,0.018,0.025
480,I,0.36,0.265,0.075,0.1785,0.0785,0.035,0.054
481,F,0.635,0.51,0.175,1.2125,0.5735,0.261,0.36
482,F,0.56,0.46,0.18,0.97,0.342,0.196,0.355
483,I,0.6,0.48,0.17,0.9175,0.38,0.2225,0.29
484,I,0.425,0.31,0.105,0.365,0.159,0.0825,0.105
485,F,0.625,0.525,0.215,1.5765,0.5115,0.2595,0.665
486,I,0.575,0.435,0.13,0.805,0.3155,0.2155,0.245
487,M,0.465,0.355,0.12,0.5315,0.2725,0.097,0.1395
488,F,0.57,0.445,0.145,0.8775,0.412,0.217,0.22
489,F,0.505,0.39,0.125,0.5445,0.246,0.15,0.1405
490,M,0.565,0.45,0.115,0.9085,0.398,0.197,0.29
491,I,0.405,0.315,0.105,0.347,0.1605,0.0785,0.1
492,I,0.53,0.42,0.13,0.8365,0.3745,0.167,0.249
493,F,0.56,0.44,0.14,0.9285,0.3825,0.188,0.3
494,F,0.7,0.545,0.13,1.556,0.6725,0.374,0.195
495,F,0.64,0.48,0.145,1.1145,0.508,0.24,0.34
496,M,0.615,0.505,0.165,1.167,0.4895,0.2955,0.345
497,I,0.4,0.295,0.095,0.252,0.1105,0.0575,0.066
498,I,0.47,0.35,0.13,0.466,0.1845,0.099,0.145
499,M,0.56,0.45,0.175,1.011,0.3835,0.2065,0.37
500,M,0.545,0.415,0.14,0.82,0.4615,0.127,0.218
501,M,0.505,0.365,0.115,0.521,0.25,0.096,0.15
502,I,0.335,0.25,0.08,0.167,0.0675,0.0325,0.0575
503,M,0.655,0.59,0.2,1.5455,0.654,0.3765,0.415
504,I,0.38,0.285,0.095,0.243,0.0895,0.0665,0.075
505,I,0.475,0.365,0.1,0.1315,0.2025,0.0875,0.123
506,I,0.555,0.43,0.14,0.7665,0.341,0.165,0.23
507,M,0.62,0.5,0.2,1.221,0.4605,0.263,0.43
508,F,0.655,0.515,0.17,1.527,0.8485,0.2635,0.331
509,F,0.63,0.49,0.225,1.336,0.6805,0.259,0.3245
510,M,0.43,0.35,0.11,0.406,0.1675,0.081,0.135
511,M,0.715,0.55,0.175,1.825,0.938,0.3805,0.44
512,I,0.515,0.39,0.11,0.531,0.2415,0.098,0.1615
513,M,0.63,0.5,0.175,1.2645,0.5635,0.3065,0.3425
514,M,0.555,0.44,0.15,0.838,0.4155,0.146,0.23
515,I,0.485,0.365,0.125,0.426,0.163,0.0965,0.151
516,I,0.36,0.275,0.085,0.1975,0.0745,0.0415,0.07
517,I,0.215,0.17,0.055,0.0605,0.0205,0.014,0.02
518,F,0.72,0.56,0.175,1.7265,0.637,0.3415,0.525
519,M,0.415,0.3,0.1,0.3355,0.1545,0.0685,0.095
520,I,0.45,0.33,0.1,0.411,0.1945,0.1,0.098
521,M,0.695,0.55,0.22,1.5515,0.566,0.3835,0.445
522,M,0.68,0.535,0.185,1.607,0.7245,0.3215,0.498
523,F,0.505,0.395,0.145,0.6515,0.2695,0.153,0.205
524,I,0.505,0.39,0.15,0.685,0.362,0.131,0.156
525,F,0.56,0.455,0.19,0.714,0.283,0.129,0.275
526,F,0.65,0.545,0.165,1.566,0.6645,0.3455,0.415
527,I,0.385,0.3,0.095,0.302,0.152,0.0615,0.0735
528,I,0.54,0.42,0.14,0.6275,0.2505,0.1175,0.235
529,I,0.45,0.335,0.115,0.3935,0.195,0.071,0.11
530,M,0.575,0.47,0.165,0.853,0.292,0.179,0.35
531,F,0.49,0.4,0.145,0.6635,0.21,0.1295,0.2515
532,M,0.64,0.585,0.195,1.647,0.7225,0.331,0.471
533,M,0.735,0.59,0.225,1.756,0.637,0.3405,0.58
534,M,0.695,0.56,0.19,1.494,0.588,0.3425,0.485
535,M,0.475,0.385,0.12,0.562,0.289,0.0905,0.153
536,F,0.61,0.47,0.16,1.017,0.426,0.2255,0.32
537,F,0.38,0.29,0.105,0.257,0.099,0.051,0.085
538,F,0.555,0.43,0.135,0.812,0.4055,0.163,0.2215
539,M,0.57,0.45,0.14,0.795,0.3385,0.148,0.245
540,I,0.445,0.335,0.1,0.4895,0.2745,0.086,0.1105
541,I,0.53,0.415,0.13,0.694,0.3905,0.111,0.167
542,M,0.725,0.575,0.24,2.21,1.351,0.413,0.5015
543,M,0.665,0.525,0.165,1.338,0.5515,0.3575,0.35
544,F,0.585,0.455,0.165,0.998,0.345,0.2495,0.315
545,F,0.64,0.54,0.175,1.221,0.51,0.259,0.39
546,F,0.49,0.365,0.13,0.6835,0.165,0.1315,0.205
547,M,0.485,0.37,0.155,0.968,0.419,0.2455,0.2365
548,F,0.46,0.425,0.155,0.746,0.3005,0.152,0.24
549,M,0.54,0.42,0.155,0.7385,0.3515,0.152,0.215
550,I,0.45,0.35,0.14,0.474,0.21,0.109,0.1275
551,F,0.675,0.51,0.195,1.382,0.6045,0.3175,0.3965
552,I,0.335,0.25,0.075,0.1825,0.0705,0.044,0.055
553,I,0.49,0.385,0.115,0.683,0.3265,0.1615,0.165
554,I,0.44,0.33,0.135,0.522,0.17,0.0905,0.195
555,M,0.63,0.53,0.18,1.2795,0.618,0.256,0.315
556,M,0.63,0.485,0.175,1.3,0.4335,0.2945,0.46
557,I,0.375,0.28,0.08,0.2025,0.0825,0.048,0.065
558,F,0.555,0.455,0.18,0.958,0.296,0.195,0.39
559,F,0.66,0.505,0.185,1.528,0.69,0.3025,0.441
560,F,0.535,0.425,0.155,0.7765,0.302,0.1565,0.25
561,M,0.495,0.415,0.165,0.7485,0.264,0.134,0.285
562,F,0.685,0.53,0.17,1.5105,0.7385,0.3525,0.3725
563,I,0.2,0.155,0.04,0.0435,0.0155,0.009,0.007
564,I,0.42,0.305,0.11,0.28,0.094,0.0785,0.0955
565,I,0.31,0.225,0.05,0.1445,0.0675,0.0385,0.045
566,F,0.615,0.475,0.155,1.115,0.484,0.2115,0.355
567,I,0.35,0.265,0.08,0.192,0.081,0.0465,0.053
568,M,0.57,0.45,0.135,1.02,0.546,0.204,0.25
569,M,0.685,0.545,0.205,1.7925,0.8145,0.416,0.461
570,F,0.6,0.46,0.145,0.9325,0.3985,0.2245,0.248
571,M,0.47,0.365,0.12,0.612,0.327,0.15,0.14
572,I,0.36,0.3,0.085,0.27,0.1185,0.064,0.0745
573,F,0.61,0.485,0.15,1.2405,0.6025,0.2915,0.3085
574,F,0.45,0.35,0.135,0.56,0.231,0.137,0.145
575,M,0.495,0.39,0.15,0.853,0.3285,0.189,0.27
576,I,0.55,0.42,0.13,0.636,0.294,0.144,0.1755
577,I,0.33,0.24,0.075,0.163,0.0745,0.033,0.048
578,F,0.5,0.4,0.165,0.7105,0.27,0.1455,0.225
579,I,0.2,0.145,0.05,0.036,0.0125,0.008,0.011
580,F,0.66,0.515,0.18,1.523,0.54,0.3365,0.555
581,F,0.45,0.36,0.125,0.4995,0.2035,0.1,0.17
582,M,0.65,0.515,0.18,1.463,0.658,0.3135,0.4115
583,I,0.605,0.49,0.165,1.071,0.482,0.1935,0.352
584,M,0.61,0.485,0.175,1.2445,0.544,0.297,0.345
585,I,0.425,0.34,0.105,0.389,0.2015,0.0905,0.088
586,I,0.565,0.43,0.135,0.8545,0.321,0.1775,0.275
587,I,0.44,0.345,0.12,0.365,0.1655,0.083,0.11
588,M,0.48,0.355,0.16,0.464,0.221,0.106,0.239
589,F,0.58,0.46,0.12,0.9935,0.4625,0.2385,0.28
590,F,0.345,0.25,0.09,0.203,0.078,0.059,0.055
591,M,0.59,0.46,0.145,0.929,0.38,0.24,0.255
592,M,0.6,0.46,0.155,0.6655,0.285,0.149,0.269
593,M,0.58,0.46,0.15,1.0165,0.491,0.221,0.265
594,F,0.64,0.505,0.165,1.2235,0.5215,0.2695,0.36
595,I,0.56,0.42,0.14,0.837,0.414,0.214,0.2
596,F,0.64,0.51,0.2,1.3905,0.61,0.3315,0.41
597,M,0.35,0.265,0.09,0.1775,0.0575,0.042,0.068
598,F,0.635,0.49,0.175,1.2435,0.5805,0.313,0.305
599,F,0.615,0.475,0.17,1.055,0.543,0.246,0.2345
600,M,0.56,0.435,0.18,0.889,0.36,0.204,0.25
601,M,0.615,0.51,0.15,1.296,0.545,0.3315,0.32
602,M,0.27,0.2,0.08,0.1205,0.0465,0.028,0.04
603,I,0.365,0.275,0.135,0.24,0.108,0.0445,0.0735
604,F,0.67,0.545,0.16,1.5415,0.5985,0.2565,0.495
605,I,0.28,0.205,0.08,0.127,0.052,0.039,0.042
606,F,0.58,0.5,0.165,0.925,0.37,0.185,0.3005
607,I,0.485,0.37,0.1,0.513,0.219,0.1075,0.13
608,I,0.52,0.4,0.11,0.597,0.2935,0.1155,0.16
609,M,0.595,0.455,0.15,1.044,0.518,0.2205,0.27
610,M,0.42,0.34,0.115,0.4215,0.175,0.093,0.135
611,M,0.52,0.38,0.135,0.5825,0.2505,0.1565,0.175
612,M,0.635,0.495,0.15,1.081,0.4825,0.242,0.31
613,I,0.425,0.325,0.1,0.398,0.1185,0.0645,0.0945
614,I,0.37,0.28,0.09,0.218,0.0995,0.0545,0.0615
615,I,0.37,0.275,0.1,0.2815,0.1505,0.0505,0.068
616,M,0.605,0.455,0.16,1.1215,0.533,0.273,0.271
617,F,0.48,0.405,0.13,0.6375,0.277,0.1445,0.21
618,I,0.54,0.405,0.15,0.7585,0.307,0.2075,0.19
619,I,0.35,0.265,0.095,0.199,0.073,0.049,0.06
620,M,0.58,0.465,0.175,1.035,0.401,0.1865,0.385
621,M,0.45,0.335,0.14,0.4625,0.164,0.076,0.15
622,F,0.7,0.575,0.205,1.773,0.605,0.447,0.538
623,F,0.62,0.5,0.15,1.293,0.596,0.3135,0.354
624,I,0.56,0.435,0.135,0.72,0.329,0.103,0.251
625,F,0.57,0.455,0.165,1.0595,0.44,0.2195,0.285
626,F,0.72,0.575,0.215,2.1,0.8565,0.4825,0.602
627,I,0.35,0.265,0.11,0.209,0.066,0.059,0.075
628,M,0.57,0.48,0.175,1.185,0.474,0.261,0.38
629,F,0.72,0.575,0.195,2.1505,1.0745,0.382,0.585
630,M,0.455,0.35,0.105,0.416,0.1625,0.097,0.145
631,F,0.57,0.465,0.16,0.8935,0.3145,0.2575,0.263
632,F,0.57,0.445,0.155,1.017,0.5265,0.2025,0.265
633,I,0.34,0.25,0.09,0.179,0.0775,0.033,0.055
634,I,0.535,0.42,0.145,0.926,0.398,0.1965,0.25
635,M,0.63,0.455,0.15,1.1315,0.481,0.2745,0.305
636,I,0.55,0.435,0.14,0.7535,0.3285,0.1555,0.2325
637,I,0.525,0.4,0.11,0.6275,0.3015,0.126,0.18
638,I,0.425,0.34,0.1,0.3515,0.1625,0.082,0.094
639,I,0.485,0.38,0.12,0.4725,0.2075,0.1075,0.147
640,M,0.515,0.4,0.14,0.7365,0.2955,0.184,0.185
641,I,0.55,0.425,0.15,0.639,0.269,0.1345,0.217
642,I,0.4,0.305,0.1,0.3415,0.176,0.0625,0.0865
643,F,0.61,0.485,0.21,1.3445,0.535,0.2205,0.515
644,I,0.24,0.17,0.05,0.0545,0.0205,0.016,0.0155
645,M,0.515,0.405,0.13,0.722,0.32,0.131,0.21
646,M,0.6,0.47,0.13,1.0105,0.423,0.219,0.298
647,M,0.53,0.435,0.16,0.883,0.316,0.164,0.335
648,M,0.495,0.395,0.135,0.6335,0.3035,0.1295,0.1495
649,M,0.61,0.475,0.17,1.0265,0.435,0.2335,0.3035
650,F,0.415,0.325,0.115,0.3455,0.1405,0.0765,0.11
651,I,0.295,0.225,0.09,0.1105,0.0405,0.0245,0.032
652,I,0.58,0.46,0.14,0.9265,0.4135,0.1845,0.27
653,F,0.635,0.5,0.19,1.29,0.593,0.3045,0.352
654,I,0.395,0.29,0.095,0.3,0.158,0.068,0.078
655,F,0.63,0.5,0.185,1.383,0.54,0.3315,0.38
656,I,0.25,0.19,0.06,0.0765,0.036,0.0115,0.0245
657,F,0.635,0.5,0.175,1.477,0.684,0.3005,0.39
658,M,0.53,0.425,0.13,0.7455,0.2995,0.1355,0.245
659,M,0.59,0.49,0.165,1.207,0.559,0.235,0.309
660,F,0.59,0.475,0.155,0.9715,0.371,0.235,0.28
661,I,0.38,0.29,0.1,0.237,0.108,0.0395,0.082
662,I,0.485,0.345,0.16,0.869,0.3085,0.185,0.319
663,M,0.535,0.43,0.155,0.7845,0.3285,0.169,0.245
664,M,0.58,0.45,0.145,1.0025,0.547,0.1975,0.2295
665,I,0.505,0.4,0.145,0.7045,0.334,0.1425,0.207
666,I,0.55,0.435,0.165,0.804,0.34,0.194,0.244
667,M,0.54,0.435,0.14,0.7345,0.33,0.1595,0.213
668,F,0.61,0.49,0.17,1.1775,0.5655,0.2385,0.295
669,M,0.71,0.565,0.205,2.198,1.012,0.5225,0.5475
670,M,0.485,0.385,0.105,0.556,0.296,0.104,0.133
671,F,0.575,0.485,0.165,1.0405,0.419,0.264,0.3
672,M,0.46,0.355,0.14,0.491,0.207,0.115,0.174
673,M,0.64,0.49,0.14,1.194,0.4445,0.238,0.375
674,F,0.555,0.43,0.14,0.7545,0.3525,0.1835,0.2015
675,M,0.58,0.49,0.13,1.1335,0.586,0.2565,0.237
676,M,0.545,0.44,0.12,0.8565,0.3475,0.1715,0.24
677,I,0.57,0.445,0.145,0.7405,0.306,0.172,0.1825
678,F,0.63,0.5,0.175,1.1105,0.467,0.268,0.329
679,F,0.46,0.375,0.12,0.4605,0.1775,0.11,0.15
680,F,0.405,0.305,0.095,0.3485,0.1455,0.0895,0.1
681,F,0.625,0.49,0.19,1.7015,0.7465,0.4105,0.3855
682,M,0.51,0.415,0.14,0.8185,0.3025,0.2155,0.235
683,M,0.55,0.41,0.125,0.7605,0.2505,0.1635,0.195
684,I,0.46,0.36,0.1,0.4635,0.2325,0.093,0.115
685,M,0.505,0.385,0.115,0.4825,0.21,0.1035,0.1535
686,I,0.315,0.245,0.085,0.1435,0.053,0.0475,0.05
687,F,0.535,0.42,0.13,0.699,0.3125,0.1565,0.2035
688,F,0.48,0.375,0.105,0.525,0.2185,0.1195,0.155
689,F,0.545,0.44,0.175,0.7745,0.2985,0.1875,0.265
690,I,0.515,0.4,0.14,0.7165,0.3495,0.1595,0.1785
691,I,0.42,0.315,0.11,0.4025,0.1855,0.083,0.1015
692,I,0.46,0.37,0.12,0.5335,0.2645,0.108,0.1345
693,M,0.625,0.47,0.145,1.7855,0.675,0.247,0.3245
694,M,0.27,0.195,0.07,0.106,0.0465,0.018,0.036
695,F,0.38,0.325,0.11,0.3105,0.12,0.074,0.105
696,I,0.32,0.245,0.08,0.1585,0.0635,0.0325,0.05
697,F,0.58,0.44,0.125,0.7855,0.363,0.1955,0.195
698,I,0.47,0.375,0.12,0.487,0.196,0.099,0.135
699,I,0.45,0.355,0.12,0.412,0.1145,0.0665,0.16
700,F,0.625,0.48,0.2,1.3235,0.6075,0.3055,0.355
701,M,0.155,0.11,0.04,0.0155,0.0065,0.003,0.005
702,M,0.555,0.405,0.19,1.406,0.6115,0.342,0.389
703,I,0.5,0.41,0.14,0.6615,0.2585,0.1625,0.196
704,I,0.405,0.29,0.09,0.2825,0.112,0.075,0.0815
705,I,0.42,0.32,0.115,0.376,0.169,0.092,0.1
706,I,0.42,0.32,0.11,0.309,0.115,0.0645,0.0945
707,F,0.58,0.45,0.155,0.93,0.385,0.246,0.265
708,I,0.325,0.24,0.075,0.152,0.065,0.0305,0.045
709,I,0.535,0.4,0.145,0.705,0.3065,0.1365,0.22
710,I,0.425,0.345,0.125,0.425,0.16,0.0795,0.154
711,M,0.57,0.435,0.13,0.7535,0.349,0.1755,0.194
712,F,0.465,0.39,0.11,0.6355,0.1815,0.157,0.225
713,M,0.525,0.425,0.19,0.872,0.4625,0.1725,0.199
714,M,0.565,0.445,0.15,0.796,0.3635,0.184,0.219
715,I,0.475,0.35,0.11,0.4565,0.206,0.099,0.13
716,F,0.63,0.48,0.175,1.3675,0.5015,0.3035,0.515
717,F,0.535,0.425,0.135,0.771,0.3765,0.1815,0.1795
718,I,0.5,0.395,0.12,0.537,0.2165,0.1085,0.1785
719,F,0.665,0.5,0.15,1.2475,0.4625,0.2955,0.3595
720,I,0.475,0.355,0.125,0.4865,0.2155,0.1105,0.142
721,M,0.69,0.525,0.2,1.7825,0.9165,0.3325,0.461
722,M,0.63,0.49,0.155,1.2525,0.63,0.246,0.289
723,M,0.5,0.4,0.125,0.6725,0.336,0.12,0.1825
724,M,0.635,0.515,0.16,1.2075,0.5385,0.282,0.345
725,I,0.52,0.395,0.125,0.5805,0.2445,0.146,0.165
726,F,0.52,0.46,0.15,1.019,0.523,0.1985,0.254
727,F,0.58,0.46,0.18,1.0515,0.4095,0.2595,0.276
728,I,0.43,0.315,0.115,0.384,0.1885,0.0715,0.11
729,F,0.625,0.445,0.16,1.09,0.46,0.2965,0.304
730,F,0.685,0.54,0.16,1.6675,0.833,0.3775,0.475
731,I,0.415,0.325,0.11,0.316,0.1385,0.0795,0.0925
732,I,0.42,0.315,0.1,0.3435,0.157,0.0795,0.09
733,F,0.495,0.4,0.155,0.6445,0.242,0.1325,0.205
734,F,0.475,0.38,0.14,0.689,0.3165,0.1315,0.1955
735,F,0.46,0.35,0.115,0.46,0.2025,0.1115,0.1165
736,M,0.6,0.45,0.195,1.34,0.617,0.3255,0.3605
737,M,0.585,0.51,0.16,1.218,0.639,0.241,0.3
738,M,0.465,0.375,0.11,0.5,0.21,0.113,0.1505
739,M,0.62,0.48,0.165,1.0855,0.481,0.2575,0.305
740,F,0.495,0.385,0.135,0.6625,0.3005,0.1635,0.185
741,I,0.395,0.295,0.1,0.293,0.14,0.062,0.082
742,M,0.67,0.5,0.2,1.269,0.576,0.2985,0.351
743,F,0.515,0.425,0.135,0.712,0.2665,0.1605,0.25
744,M,0.645,0.49,0.16,1.251,0.5355,0.3345,0.3165
745,F,0.565,0.46,0.15,0.8765,0.3455,0.1925,0.275
746,F,0.555,0.405,0.12,0.913,0.4585,0.196,0.2065
747,F,0.72,0.58,0.195,2.103,1.0265,0.48,0.5375
748,F,0.43,0.34,0.11,0.382,0.154,0.0955,0.109
749,F,0.625,0.485,0.175,1.3745,0.7335,0.2715,0.332
750,M,0.66,0.495,0.195,1.6275,0.594,0.3595,0.485
751,F,0.39,0.3,0.1,0.265,0.1075,0.06,0.0865
752,I,0.445,0.36,0.11,0.4235,0.182,0.0765,0.14
753,F,0.675,0.525,0.17,1.711,0.8365,0.352,0.475
754,I,0.37,0.275,0.085,0.2045,0.096,0.056,0.08
755,M,0.51,0.415,0.145,0.751,0.3295,0.1835,0.203
756,I,0.38,0.28,0.085,0.2735,0.115,0.061,0.085
757,M,0.575,0.435,0.15,0.805,0.293,0.1625,0.27
758,I,0.435,0.325,0.12,0.346,0.159,0.084,0.095
759,I,0.525,0.4,0.125,0.6965,0.369,0.1385,0.164
760,M,0.575,0.465,0.15,1.08,0.595,0.2065,0.238
761,I,0.46,0.36,0.105,0.466,0.2225,0.099,0.11
762,I,0.61,0.465,0.15,0.9605,0.4495,0.1725,0.286
763,I,0.365,0.27,0.085,0.2225,0.0935,0.0525,0.066
764,F,0.55,0.465,0.18,1.2125,0.3245,0.205,0.525
765,M,0.51,0.41,0.145,0.796,0.3865,0.1815,0.1955
766,F,0.635,0.485,0.155,1.073,0.467,0.1975,0.35
767,M,0.635,0.52,0.175,1.292,0.6,0.269,0.367
768,M,0.59,0.45,0.12,0.7485,0.3345,0.1315,0.22
769,F,0.56,0.43,0.125,0.8025,0.313,0.1715,0.263
770,I,0.565,0.44,0.135,0.768,0.3305,0.1385,0.2475
771,I,0.375,0.275,0.1,0.2325,0.1165,0.042,0.065
772,F,0.65,0.52,0.195,1.281,0.5985,0.246,0.3825
773,F,0.635,0.505,0.185,1.3035,0.501,0.295,0.41
774,F,0.655,0.525,0.19,1.3595,0.564,0.3215,0.3985
775,I,0.205,0.155,0.045,0.0495,0.0235,0.011,0.014
776,F,0.59,0.45,0.16,0.9,0.358,0.156,0.315
777,M,0.71,0.56,0.22,2.015,0.9215,0.454,0.566
778,F,0.545,0.415,0.16,0.7715,0.272,0.1455,0.2765
779,F,0.5,0.405,0.15,0.5965,0.253,0.126,0.185
780,M,0.415,0.325,0.14,0.417,0.1535,0.1015,0.144
781,F,0.515,0.415,0.14,0.6935,0.3115,0.152,0.2
782,M,0.475,0.365,0.14,0.6175,0.202,0.1445,0.19
783,F,0.625,0.495,0.165,1.262,0.507,0.318,0.39
784,M,0.4,0.32,0.095,0.303,0.1335,0.06,0.1
785,M,0.595,0.455,0.15,0.886,0.4315,0.201,0.223
786,F,0.675,0.57,0.225,1.587,0.739,0.2995,0.435
787,F,0.725,0.53,0.19,1.7315,0.83,0.398,0.405
788,M,0.385,0.295,0.095,0.335,0.147,0.094,0.09
789,F,0.575,0.45,0.12,0.9585,0.447,0.169,0.275
790,M,0.635,0.51,0.21,1.598,0.6535,0.2835,0.58
791,M,0.525,0.385,0.1,0.5115,0.246,0.1005,0.1455
792,M,0.575,0.45,0.155,0.886,0.3605,0.211,0.2575
793,M,0.6,0.485,0.175,1.2675,0.4995,0.2815,0.38
794,M,0.675,0.505,0.16,1.532,0.74,0.357,0.3815
795,I,0.62,0.47,0.155,0.966,0.447,0.171,0.284
796,M,0.64,0.51,0.19,1.613,0.6215,0.361,0.47
797,I,0.425,0.325,0.11,0.317,0.135,0.048,0.09
798,F,0.525,0.4,0.115,0.6295,0.2555,0.144,0.18
799,M,0.65,0.515,0.175,1.466,0.677,0.3045,0.4
800,F,0.67,0.515,0.17,1.4265,0.6605,0.3395,0.37
801,F,0.46,0.355,0.13,0.517,0.2205,0.114,0.165
802,I,0.39,0.295,0.1,0.279,0.1155,0.059,0.08
803,I,0.44,0.34,0.12,0.4995,0.2965,0.0945,0.1185
804,M,0.62,0.51,0.175,1.615,0.5105,0.192,0.675
805,I,0.515,0.405,0.13,0.573,0.213,0.134,0.195
806,F,0.605,0.455,0.145,0.862,0.334,0.1985,0.3
807,M,0.56,0.44,0.14,0.971,0.443,0.2045,0.265
808,I,0.28,0.21,0.075,0.1195,0.053,0.0265,0.03
809,I,0.52,0.38,0.115,0.6645,0.3285,0.17,0.1425
810,M,0.56,0.41,0.165,0.93,0.3505,0.237,0.3
811,M,0.5,0.405,0.155,0.772,0.346,0.1535,0.245
812,M,0.495,0.38,0.12,0.474,0.197,0.1065,0.1545
813,I,0.495,0.375,0.12,0.589,0.3075,0.1215,0.1405
814,M,0.685,0.51,0.18,1.4545,0.6315,0.3105,0.3725
815,M,0.685,0.535,0.155,1.3845,0.6615,0.2145,0.4075
816,M,0.605,0.475,0.18,0.9365,0.394,0.219,0.295
817,F,0.52,0.4,0.125,0.6865,0.295,0.1715,0.185
818,M,0.345,0.27,0.09,0.195,0.078,0.0455,0.059
819,I,0.435,0.325,0.105,0.335,0.136,0.065,0.115
820,M,0.585,0.455,0.155,1.133,0.5515,0.223,0.305
821,I,0.46,0.345,0.12,0.4155,0.198,0.0885,0.107
822,F,0.705,0.535,0.22,1.866,0.929,0.3835,0.4395
823,F,0.645,0.5,0.155,1.2205,0.6145,0.236,0.3185
824,M,0.28,0.205,0.1,0.1165,0.0545,0.0285,0.03
825,I,0.47,0.345,0.14,0.4615,0.229,0.1105,0.116
826,M,0.59,0.465,0.14,1.046,0.4695,0.263,0.263
827,M,0.465,0.36,0.11,0.4955,0.2665,0.085,0.121
828,I,0.625,0.485,0.16,1.15,0.5255,0.257,0.3315
829,M,0.655,0.52,0.17,1.1445,0.53,0.223,0.348
830,M,0.355,0.29,0.09,0.3275,0.134,0.086,0.09
831,M,0.63,0.51,0.17,1.1885,0.4915,0.3065,0.348
832,I,0.365,0.295,0.095,0.25,0.1075,0.0545,0.08
833,I,0.355,0.255,0.08,0.187,0.078,0.0505,0.058
834,F,0.64,0.49,0.18,1.36,0.653,0.347,0.305
835,M,0.655,0.52,0.18,1.492,0.7185,0.36,0.355
836,M,0.545,0.41,0.14,0.737,0.349,0.15,0.212
837,M,0.47,0.35,0.1,0.4775,0.1885,0.0885,0.175
838,M,0.54,0.42,0.12,0.8115,0.392,0.1455,0.2235
839,M,0.445,0.35,0.115,0.3615,0.1565,0.0695,0.117
840,I,0.44,0.325,0.09,0.35,0.148,0.067,0.105
841,F,0.645,0.5,0.17,1.1845,0.4805,0.274,0.355
842,F,0.46,0.355,0.13,0.458,0.192,0.1055,0.13
843,F,0.66,0.565,0.195,1.7605,0.692,0.3265,0.5
844,M,0.445,0.34,0.12,0.4475,0.193,0.1035,0.13
845,M,0.5,0.4,0.13,0.6645,0.258,0.133,0.24
846,M,0.56,0.45,0.145,0.894,0.3885,0.2095,0.264
847,I,0.32,0.24,0.09,0.1575,0.07,0.0265,0.0425
848,I,0.535,0.41,0.155,0.6315,0.2745,0.1415,0.1815
849,I,0.35,0.25,0.075,0.1695,0.0835,0.0355,0.041
850,M,0.505,0.405,0.11,0.625,0.305,0.16,0.175
851,F,0.475,0.375,0.15,0.559,0.1955,0.1215,0.1945
852,I,0.32,0.235,0.065,0.1385,0.058,0.0225,0.05
853,F,0.45,0.36,0.11,0.447,0.203,0.082,0.13
854,M,0.555,0.455,0.135,0.837,0.382,0.171,0.235
855,M,0.63,0.49,0.165,1.2005,0.575,0.273,0.294
856,I,0.405,0.305,0.1,0.268,0.1145,0.053,0.085
857,F,0.545,0.43,0.165,0.802,0.2935,0.183,0.28
858,F,0.52,0.405,0.145,0.829,0.3535,0.1685,0.205
859,M,0.505,0.385,0.13,0.6435,0.3135,0.149,0.1515
860,F,0.575,0.45,0.16,0.9775,0.3135,0.231,0.33
861,M,0.475,0.37,0.125,0.537,0.222,0.1215,0.15
862,F,0.52,0.395,0.18,0.64,0.158,0.11,0.245
863,F,0.61,0.48,0.19,1.2955,0.5215,0.3225,0.365
864,F,0.48,0.365,0.135,0.6395,0.2945,0.113,0.175
865,M,0.35,0.26,0.09,0.198,0.0725,0.056,0.06
866,I,0.395,0.29,0.095,0.319,0.138,0.08,0.082
867,M,0.5,0.41,0.15,0.662,0.2815,0.137,0.22
868,M,0.465,0.34,0.105,0.486,0.231,0.1035,0.1225
869,F,0.58,0.435,0.15,0.834,0.428,0.1515,0.23
870,F,0.585,0.45,0.16,1.077,0.4995,0.2875,0.25
871,F,0.67,0.585,0.16,1.309,0.5445,0.2945,0.413
872,F,0.54,0.475,0.155,0.928,0.394,0.194,0.26
873,M,0.35,0.255,0.065,0.179,0.0705,0.0385,0.06
874,I,0.475,0.365,0.125,0.5465,0.229,0.1185,0.172
875,M,0.62,0.495,0.18,1.2555,0.5765,0.254,0.355
876,I,0.525,0.41,0.175,0.874,0.3585,0.207,0.205
877,M,0.6,0.475,0.15,1.089,0.5195,0.223,0.292
878,F,0.72,0.565,0.18,1.719,0.8465,0.407,0.3875
879,M,0.635,0.475,0.17,1.1935,0.5205,0.2695,0.3665
880,I,0.35,0.27,0.09,0.2055,0.075,0.0575,0.062
881,F,0.37,0.275,0.1,0.2225,0.093,0.026,0.08
882,I,0.49,0.4,0.135,0.624,0.3035,0.1285,0.169
883,F,0.635,0.52,0.165,1.3405,0.5065,0.296,0.412
884,I,0.5,0.385,0.15,0.6265,0.2605,0.1665,0.16
885,F,0.655,0.5,0.18,1.4155,0.508,0.314,0.445
886,M,0.615,0.475,0.205,1.337,0.5995,0.2815,0.37
887,F,0.5,0.37,0.135,0.45,0.1715,0.1055,0.155
888,M,0.57,0.45,0.155,1.1935,0.513,0.21,0.343
889,I,0.53,0.42,0.185,0.752,0.299,0.156,0.205
890,F,0.67,0.52,0.15,1.406,0.519,0.348,0.37
891,M,0.67,0.525,0.2,1.7405,0.6205,0.297,0.657
892,I,0.51,0.405,0.12,0.61,0.229,0.131,0.235
893,F,0.29,0.225,0.075,0.14,0.0515,0.0235,0.04
894,M,0.615,0.47,0.175,1.242,0.5675,0.287,0.317
895,F,0.595,0.475,0.165,1.148,0.444,0.214,0.37
896,F,0.625,0.49,0.155,1.33,0.6675,0.259,0.33
897,I,0.575,0.445,0.16,0.9175,0.45,0.1935,0.24
898,I,0.56,0.44,0.155,0.811,0.3685,0.178,0.235
899,M,0.725,0.55,0.2,1.51,0.8735,0.4265,0.5085
900,I,0.5,0.37,0.115,0.5745,0.306,0.112,0.141
901,M,0.48,0.375,0.145,0.777,0.216,0.13,0.17
902,I,0.575,0.45,0.125,0.78,0.3275,0.188,0.235
903,F,0.58,0.455,0.165,1.1365,0.369,0.3005,0.275
904,F,0.455,0.375,0.125,0.458,0.1985,0.111,0.12
905,I,0.455,0.355,0.08,0.452,0.2165,0.0995,0.125
906,I,0.435,0.33,0.105,0.335,0.156,0.0555,0.105
907,I,0.43,0.33,0.1,0.449,0.254,0.0825,0.097
908,I,0.525,0.395,0.12,0.608,0.297,0.1395,0.1405
909,M,0.615,0.48,0.175,1.118,0.446,0.3195,0.3
910,M,0.505,0.385,0.105,0.5525,0.239,0.1245,0.1555
911,M,0.52,0.385,0.165,0.791,0.375,0.18,0.1815
912,I,0.475,0.365,0.115,0.49,0.223,0.1235,0.1335
913,M,0.57,0.435,0.145,0.9055,0.3925,0.2355,0.275
914,M,0.575,0.44,0.185,1.025,0.5075,0.2245,0.2485
915,F,0.47,0.36,0.12,0.4775,0.2105,0.1055,0.15
916,F,0.55,0.425,0.135,0.8515,0.362,0.196,0.27
917,I,0.345,0.285,0.1,0.2225,0.0865,0.058,0.075
918,I,0.5,0.4,0.12,0.616,0.261,0.143,0.1935
919,M,0.53,0.41,0.14,0.7545,0.3495,0.1715,0.2105
920,M,0.615,0.46,0.17,1.0565,0.4815,0.272,0.27
921,I,0.375,0.3,0.075,0.144,0.059,0.03,0.044
922,I,0.435,0.335,0.1,0.3295,0.129,0.07,0.11
923,I,0.38,0.285,0.09,0.2305,0.1005,0.039,0.0775
924,M,0.645,0.51,0.195,1.226,0.5885,0.2215,0.3745
925,I,0.42,0.315,0.115,0.355,0.1895,0.065,0.087
926,I,0.505,0.425,0.125,0.6115,0.245,0.1375,0.2
927,I,0.495,0.385,0.125,0.585,0.2755,0.1235,0.165
928,F,0.53,0.415,0.16,0.783,0.2935,0.158,0.245
929,F,0.69,0.555,0.205,1.8165,0.7785,0.4395,0.515
930,M,0.61,0.47,0.17,1.1185,0.5225,0.2405,0.31
931,F,0.565,0.45,0.16,0.795,0.3605,0.1555,0.23
932,F,0.605,0.47,0.155,0.974,0.393,0.224,0.3345
933,F,0.645,0.525,0.19,1.4635,0.6615,0.3435,0.435
934,F,0.63,0.475,0.15,1.172,0.536,0.254,0.316
935,I,0.415,0.325,0.1,0.385,0.167,0.08,0.125
936,M,0.635,0.495,0.155,1.3635,0.583,0.2985,0.295
937,M,0.71,0.57,0.195,1.348,0.8985,0.4435,0.4535
938,M,0.45,0.35,0.13,0.46,0.174,0.111,0.135
939,F,0.565,0.445,0.155,0.826,0.341,0.2055,0.2475
940,F,0.57,0.445,0.15,0.995,0.504,0.185,0.2505
941,M,0.415,0.32,0.1,0.3005,0.1215,0.0575,0.104
942,F,0.41,0.32,0.115,0.387,0.165,0.1005,0.0985
943,I,0.44,0.305,0.115,0.379,0.162,0.091,0.11
944,M,0.6,0.465,0.165,1.0475,0.465,0.2345,0.315
945,M,0.6,0.45,0.16,1.142,0.539,0.225,0.307
946,F,0.5,0.4,0.125,0.5765,0.2395,0.126,0.185
947,F,0.605,0.5,0.185,1.1185,0.469,0.2585,0.335
948,M,0.6,0.51,0.185,1.285,0.6095,0.2745,0.315
949,I,0.515,0.38,0.12,0.625,0.3265,0.1295,0.16
950,M,0.61,0.47,0.165,1.052,0.498,0.242,0.267
951,F,0.6,0.475,0.18,1.162,0.511,0.2675,0.32
952,F,0.57,0.46,0.135,0.9795,0.397,0.2525,0.2655
953,F,0.515,0.395,0.14,0.686,0.281,0.1255,0.22
954,M,0.62,0.51,0.175,1.1505,0.4375,0.2265,0.4
955,I,0.455,0.35,0.105,0.4445,0.213,0.107,0.1115
956,F,0.57,0.45,0.18,0.908,0.4015,0.217,0.255
957,I,0.26,0.215,0.08,0.099,0.037,0.0255,0.045
958,F,0.58,0.46,0.15,0.9955,0.429,0.212,0.26
959,I,0.62,0.48,0.18,1.1305,0.5285,0.2655,0.306
960,F,0.535,0.445,0.125,0.8725,0.417,0.199,0.24
961,I,0.35,0.26,0.085,0.174,0.0705,0.0345,0.06
962,M,0.425,0.33,0.08,0.361,0.134,0.0825,0.125
963,M,0.565,0.44,0.185,0.909,0.344,0.2325,0.255
964,I,0.525,0.4,0.14,0.601,0.2625,0.1285,0.1835
965,F,0.53,0.415,0.15,0.7775,0.237,0.1415,0.33
966,I,0.34,0.25,0.075,0.1765,0.0785,0.0405,0.05
967,M,0.6,0.475,0.175,1.3445,0.549,0.2875,0.36
968,M,0.77,0.6,0.215,2.1945,1.0515,0.482,0.584
969,I,0.575,0.43,0.13,0.7425,0.2895,0.2005,0.22
970,I,0.48,0.355,0.11,0.4495,0.201,0.089,0.14
971,F,0.66,0.515,0.17,1.337,0.615,0.3125,0.3575
972,F,0.72,0.55,0.18,1.52,0.637,0.325,0.435
973,M,0.655,0.545,0.19,1.4245,0.6325,0.333,0.378
974,M,0.625,0.485,0.17,1.437,0.5855,0.293,0.475
975,I,0.38,0.275,0.095,0.2505,0.0945,0.0655,0.075
976,I,0.4,0.31,0.1,0.2875,0.1145,0.0635,0.095
977,I,0.43,0.32,0.11,0.3675,0.1675,0.102,0.105
978,I,0.63,0.465,0.15,1.0315,0.4265,0.24,0.325
979,I,0.325,0.25,0.07,0.1745,0.0875,0.0355,0.04
980,F,0.6,0.46,0.155,0.9735,0.427,0.2045,0.3
981,F,0.485,0.365,0.15,0.9145,0.4145,0.199,0.273
982,F,0.64,0.5,0.17,1.12,0.4955,0.2645,0.32
983,M,0.65,0.525,0.175,1.4715,0.675,0.315,0.399
984,F,0.65,0.51,0.17,1.567,0.7245,0.349,0.391
985,I,0.41,0.3,0.1,0.282,0.1255,0.057,0.0875
986,M,0.525,0.42,0.155,0.842,0.428,0.1415,0.2045
987,F,0.595,0.485,0.145,1.2515,0.5035,0.2925,0.33
988,M,0.545,0.425,0.135,0.8445,0.373,0.21,0.235
989,F,0.625,0.475,0.175,1.1435,0.4755,0.2475,0.349
990,F,0.595,0.46,0.155,1.0455,0.4565,0.24,0.3085
991,I,0.47,0.4,0.16,0.51,0.1615,0.073,0.198
992,I,0.25,0.18,0.065,0.0685,0.0245,0.0155,0.0225
993,F,0.62,0.5,0.17,1.148,0.5475,0.22,0.3315
994,M,0.575,0.45,0.165,0.9655,0.498,0.19,0.23
995,F,0.435,0.395,0.105,0.3635,0.136,0.098,0.13
996,I,0.43,0.34,0.11,0.3645,0.159,0.0855,0.105
997,F,0.585,0.45,0.16,0.9045,0.405,0.2215,0.2335
998,I,0.38,0.275,0.1,0.2255,0.08,0.049,0.085
999,F,0.565,0.4,0.13,0.6975,0.3075,0.1665,0.18
1000,M,0.515,0.4,0.16,0.8175,0.2515,0.156,0.3
